"filename","handle"
tas_mon_CAMS-CSM1-0_historical_r1i1p1f1_native.nc,hdl:21.14100/9c0e170e-a3ad-48e7-a8a6-1a109ffe2df8
tas_mon_CAMS-CSM1-0_historical_r2i1p1f1_native.nc,hdl:21.14100/36d027b5-4765-4fa9-9ae4-57ef71a5100a
tas_mon_CAMS-CSM1-0_ssp119_r1i1p1f1_native.nc,hdl:21.14100/fb6e884e-c25b-42f2-8ee0-ddee6fa3db71
tas_mon_CAMS-CSM1-0_ssp119_r2i1p1f1_native.nc,hdl:21.14100/2f2fbb09-7f5d-4fb7-a2f8-bf992ee94184
tas_mon_CanESM5_historical_r10i1p2f1_native.nc,hdl:21.14100/5331349e-4bf3-4772-90ec-69491dac16c8
tas_mon_CanESM5_historical_r11i1p2f1_native.nc,hdl:21.14100/72c03726-1fcb-4019-afec-6e2fac39f968
tas_mon_CanESM5_historical_r12i1p2f1_native.nc,hdl:21.14100/f576a7fd-7f37-4755-8ae0-ddd94ab7bb54
tas_mon_CanESM5_historical_r13i1p2f1_native.nc,hdl:21.14100/85ee1014-98c3-4b1d-9760-3b1fc1dcb4a1
tas_mon_CanESM5_historical_r14i1p2f1_native.nc,hdl:21.14100/07bf8c80-8aad-4631-9723-3a15e1907451
tas_mon_CanESM5_historical_r15i1p2f1_native.nc,hdl:21.14100/85a7ded0-70ad-488c-8cfc-d6297cbfcf6b
tas_mon_CanESM5_historical_r16i1p2f1_native.nc,hdl:21.14100/7565189d-5393-473e-97ee-22f1be15ab6b
tas_mon_CanESM5_historical_r17i1p2f1_native.nc,hdl:21.14100/2659f45f-8aea-4f8d-adff-fe74e72332e7
tas_mon_CanESM5_historical_r18i1p2f1_native.nc,hdl:21.14100/bab70182-a45c-45e6-99ce-1d9cdf325fb0
tas_mon_CanESM5_historical_r19i1p2f1_native.nc,hdl:21.14100/79b820fa-976f-4bc6-8414-46db098a4d15
tas_mon_CanESM5_historical_r1i1p2f1_native.nc,hdl:21.14100/b337a53b-0203-43cc-9c98-bc1a090f3eab
tas_mon_CanESM5_historical_r20i1p2f1_native.nc,hdl:21.14100/33df14ed-a0e9-4095-ba83-af0bd03f7c73
tas_mon_CanESM5_historical_r21i1p2f1_native.nc,hdl:21.14100/43098891-073a-412b-9eeb-30267e9c6e5d
tas_mon_CanESM5_historical_r22i1p2f1_native.nc,hdl:21.14100/365e0059-6b01-4d61-b7d9-1592187fbdae
tas_mon_CanESM5_historical_r23i1p2f1_native.nc,hdl:21.14100/32b2e49b-1bec-4887-86ec-c891563fe6d8
tas_mon_CanESM5_historical_r24i1p2f1_native.nc,hdl:21.14100/2ec99f7f-5462-42ae-8e4f-eecfb4c23d68
tas_mon_CanESM5_historical_r25i1p2f1_native.nc,hdl:21.14100/89adaba5-2803-4585-a8ee-8c52f5116803
tas_mon_CanESM5_historical_r26i1p2f1_native.nc,hdl:21.14100/681e8844-81d0-4aaf-8af8-ce5a55d3bff3
tas_mon_CanESM5_historical_r27i1p2f1_native.nc,hdl:21.14100/d7eac7fe-c7cf-4b8c-817b-f2012b8be9d2
tas_mon_CanESM5_historical_r28i1p2f1_native.nc,hdl:21.14100/83728182-850e-4925-b105-3a1a4af9f1e1
tas_mon_CanESM5_historical_r29i1p2f1_native.nc,hdl:21.14100/7b55e908-0ab9-4868-a86d-b1f11b765937
tas_mon_CanESM5_historical_r2i1p2f1_native.nc,hdl:21.14100/e4509250-a6b4-416c-90f5-79699dbd1d52
tas_mon_CanESM5_historical_r30i1p2f1_native.nc,hdl:21.14100/db2ced2a-74ab-4b90-863c-9a23b5bc33f8
tas_mon_CanESM5_historical_r31i1p2f1_native.nc,hdl:21.14100/31ef704e-d8a2-47e3-9df4-5aa9d9840d5e
tas_mon_CanESM5_historical_r32i1p2f1_native.nc,hdl:21.14100/bbf1c0bd-6a45-4ad1-a85c-f0d9ed75e4a4
tas_mon_CanESM5_historical_r33i1p2f1_native.nc,hdl:21.14100/945ecf71-eef3-4b5a-884b-bd20e04c3b4c
tas_mon_CanESM5_historical_r34i1p2f1_native.nc,hdl:21.14100/3430f2ef-4bf9-46ed-9fc3-dabeea625b6a
tas_mon_CanESM5_historical_r35i1p2f1_native.nc,hdl:21.14100/4b9a79f3-8521-487d-93b3-de73bcd19cdd
tas_mon_CanESM5_historical_r36i1p2f1_native.nc,hdl:21.14100/c1dc690f-ad4f-48a4-b62b-3bd624f41a87
tas_mon_CanESM5_historical_r37i1p2f1_native.nc,hdl:21.14100/50688942-ebe1-4f22-a793-c42ac1880bab
tas_mon_CanESM5_historical_r38i1p2f1_native.nc,hdl:21.14100/d45a5cc0-f361-431b-8ff4-dc5d01e3f059
tas_mon_CanESM5_historical_r39i1p2f1_native.nc,hdl:21.14100/8d182b87-093e-4d51-a013-9fba31304e42
tas_mon_CanESM5_historical_r3i1p2f1_native.nc,hdl:21.14100/6d238efa-49d7-4a6d-97a4-4abe66af6b9d
tas_mon_CanESM5_historical_r40i1p2f1_native.nc,hdl:21.14100/6f618938-05e2-4409-b4ab-0b765e2a8489
tas_mon_CanESM5_historical_r4i1p2f1_native.nc,hdl:21.14100/6edaa5ec-96fa-4619-8876-97ffd222932b
tas_mon_CanESM5_historical_r5i1p2f1_native.nc,hdl:21.14100/fd8f1571-b812-4b68-9a83-32faf05061a4
tas_mon_CanESM5_historical_r6i1p2f1_native.nc,hdl:21.14100/28f10229-8e22-445f-9b43-6c810ff461df
tas_mon_CanESM5_historical_r7i1p2f1_native.nc,hdl:21.14100/c252697f-be9f-47f1-9d0f-fdf69fd5dee4
tas_mon_CanESM5_historical_r8i1p2f1_native.nc,hdl:21.14100/cea5e72d-5805-4eb4-b65d-717ca9bd67ce
tas_mon_CanESM5_historical_r9i1p2f1_native.nc,hdl:21.14100/4357f402-01e5-4b10-a7bf-abf4fc132a01
tas_mon_CanESM5_ssp119_r10i1p2f1_native.nc,hdl:21.14100/029baf9b-cc78-4d23-9448-3e520b43adea
tas_mon_CanESM5_ssp119_r11i1p2f1_native.nc,hdl:21.14100/15656a7f-d348-4d60-bc25-9e4d8b2545cf
tas_mon_CanESM5_ssp119_r12i1p2f1_native.nc,hdl:21.14100/05ec1c49-4e44-40fd-a827-738243685f5b
tas_mon_CanESM5_ssp119_r13i1p2f1_native.nc,hdl:21.14100/97e70807-1d94-4691-a12b-5987ac2154b6
tas_mon_CanESM5_ssp119_r14i1p2f1_native.nc,hdl:21.14100/22c37912-9cbb-4e59-9520-c684a937b9f3
tas_mon_CanESM5_ssp119_r15i1p2f1_native.nc,hdl:21.14100/62baa517-8426-413b-aa68-57279629a6bd
tas_mon_CanESM5_ssp119_r16i1p2f1_native.nc,hdl:21.14100/5996148d-b4b3-4fd6-8a43-59b399374d72
tas_mon_CanESM5_ssp119_r17i1p2f1_native.nc,hdl:21.14100/9d18ef55-7f31-4243-9a9c-e96e77407ec8
tas_mon_CanESM5_ssp119_r18i1p2f1_native.nc,hdl:21.14100/cbe1c02c-1bf2-4b2b-89f1-2821c2126cfa
tas_mon_CanESM5_ssp119_r19i1p2f1_native.nc,hdl:21.14100/06c76498-0243-4d37-8661-5c949fcb38ec
tas_mon_CanESM5_ssp119_r1i1p2f1_native.nc,hdl:21.14100/d2e3604e-21e3-4b68-a618-17f92bf831b5
tas_mon_CanESM5_ssp119_r20i1p2f1_native.nc,hdl:21.14100/904c28b5-d6a4-4042-b056-0196a4e32639
tas_mon_CanESM5_ssp119_r21i1p2f1_native.nc,hdl:21.14100/33f8921e-3f9a-4e87-abee-afb2a5c51497
tas_mon_CanESM5_ssp119_r22i1p2f1_native.nc,hdl:21.14100/fff06992-0264-4633-bd9f-e547e60e73e5
tas_mon_CanESM5_ssp119_r23i1p2f1_native.nc,hdl:21.14100/5f679e3c-3e43-40b0-b634-5cdcefbfa3dd
tas_mon_CanESM5_ssp119_r24i1p2f1_native.nc,hdl:21.14100/093f4801-2c4c-4e89-8b45-544c528f309a
tas_mon_CanESM5_ssp119_r25i1p2f1_native.nc,hdl:21.14100/97f048cf-5e0e-4dce-ac20-aaf3588eaa3b
tas_mon_CanESM5_ssp119_r2i1p2f1_native.nc,hdl:21.14100/05d11096-f122-4a50-aa27-d62d00034101
tas_mon_CanESM5_ssp119_r3i1p2f1_native.nc,hdl:21.14100/e2e84c05-c051-42cc-9b95-e9a378a51211
tas_mon_CanESM5_ssp119_r4i1p2f1_native.nc,hdl:21.14100/1de87a72-2927-4a0b-924a-e5f704145adf
tas_mon_CanESM5_ssp119_r5i1p2f1_native.nc,hdl:21.14100/4339831d-96a6-41e8-9c4d-6cf7592c732b
tas_mon_CanESM5_ssp119_r6i1p2f1_native.nc,hdl:21.14100/0bdcef82-fee3-4130-a6df-474fa868b3b9
tas_mon_CanESM5_ssp119_r7i1p2f1_native.nc,hdl:21.14100/1f6911a9-e70f-4b48-af35-4b1cb20738bc
tas_mon_CanESM5_ssp119_r8i1p2f1_native.nc,hdl:21.14100/8834f3cf-4db9-4156-a29c-ae88300314c5
tas_mon_CanESM5_ssp119_r9i1p2f1_native.nc,hdl:21.14100/01ae406a-2ef5-41f8-9c39-47216f75d934
tas_mon_CNRM-ESM2-1_historical_r10i1p1f2_native.nc,hdl:21.14100/5cfb6b3f-291c-46ea-9200-ddc4ae7e1915
tas_mon_CNRM-ESM2-1_historical_r11i1p1f2_native.nc,hdl:21.14100/87a7d2b1-059e-4ce3-a472-330c1304c5ad
tas_mon_CNRM-ESM2-1_historical_r1i1p1f2_native.nc,hdl:21.14100/a2e7d2e9-40c2-4d66-935b-a7706cf873ca
tas_mon_CNRM-ESM2-1_historical_r2i1p1f2_native.nc,hdl:21.14100/b6771738-beaa-42cc-b922-7304ee49a2b0
tas_mon_CNRM-ESM2-1_historical_r3i1p1f2_native.nc,hdl:21.14100/33c3675e-f1e6-4e03-85a1-834a2716091b
tas_mon_CNRM-ESM2-1_historical_r4i1p1f2_native.nc,hdl:21.14100/e1716617-3568-42df-96ec-c60f18d60e98
tas_mon_CNRM-ESM2-1_historical_r5i1p1f2_native.nc,hdl:21.14100/e7cdfebc-2d74-4e48-9bb4-663a7094d4cd
tas_mon_CNRM-ESM2-1_historical_r7i1p1f2_native.nc,hdl:21.14100/5f76f800-e960-43d2-a7bc-7e2edbc08ac4
tas_mon_CNRM-ESM2-1_historical_r8i1p1f2_native.nc,hdl:21.14100/2f176768-e638-4c1e-b95f-1304d2c9e2b8
tas_mon_CNRM-ESM2-1_historical_r9i1p1f2_native.nc,hdl:21.14100/77278452-0498-4ed2-8cbd-0c3e214a1f7e
tas_mon_CNRM-ESM2-1_ssp119_r1i1p1f2_native.nc,hdl:21.14100/59f26dc5-3d48-452a-a221-3adc55d61c0a
tas_mon_CNRM-ESM2-1_ssp119_r2i1p1f2_native.nc,hdl:21.14100/86999823-caf4-4c38-9146-5618a5b0b212
tas_mon_CNRM-ESM2-1_ssp119_r3i1p1f2_native.nc,hdl:21.14100/49a7c7e4-fb42-405a-aade-77a9f375eeca
tas_mon_CNRM-ESM2-1_ssp119_r4i1p1f2_native.nc,hdl:21.14100/fa7cbfd2-7965-4867-a8ea-8c3c11a87ace
tas_mon_CNRM-ESM2-1_ssp119_r5i1p1f2_native.nc,hdl:21.14100/c023f951-e0e9-4548-be0b-af209975d604
tas_mon_EC-Earth3_historical_r10i1p1f1_native.nc,hdl:21.14100/7c8afb97-c6e0-4732-9ae3-9b56c225294b
tas_mon_EC-Earth3_historical_r11i1p1f1_native.nc,hdl:21.14100/5848ee7f-429e-467f-9a47-3ebf8564a686
tas_mon_EC-Earth3_historical_r12i1p1f1_native.nc,hdl:21.14100/15ed7d32-c960-420b-8de9-bb884a96f027
tas_mon_EC-Earth3_historical_r13i1p1f1_native.nc,hdl:21.14100/241b5af6-f7d9-4030-8230-32cc6281d733
tas_mon_EC-Earth3_historical_r14i1p1f1_native.nc,hdl:21.14100/8167a13f-f360-47bb-b3b4-7ffb99fb906d
tas_mon_EC-Earth3_historical_r15i1p1f1_native.nc,hdl:21.14100/f6b9c6b3-250c-4a4e-9c54-b0039666b999
tas_mon_EC-Earth3_historical_r16i1p1f1_native.nc,hdl:21.14100/8a8fd1a1-9229-4016-9b72-0a3efdd20a7a
tas_mon_EC-Earth3_historical_r17i1p1f1_native.nc,hdl:21.14100/d9b4c929-953d-4dc5-afff-bcd3bebfdb15
tas_mon_EC-Earth3_historical_r18i1p1f1_native.nc,hdl:21.14100/a4b4a945-9739-4122-82e9-d806067e1511
tas_mon_EC-Earth3_historical_r19i1p1f1_native.nc,hdl:21.14100/bbb29c95-1a91-4983-8be4-3ff885b0a929
tas_mon_EC-Earth3_historical_r1i1p1f1_native.nc,hdl:21.14100/aadd8a8d-8c3c-464f-9367-a659ddbfb05a
tas_mon_EC-Earth3_historical_r20i1p1f1_native.nc,hdl:21.14100/81a76c0b-de8c-435d-9a2d-4ae873ec7533
tas_mon_EC-Earth3_historical_r21i1p1f1_native.nc,hdl:21.14100/ae00c70f-ad2e-4f53-8b73-a0cfd7cdb216
tas_mon_EC-Earth3_historical_r22i1p1f1_native.nc,hdl:21.14100/b9496fcf-72d8-4966-a1e8-d67e55f610a5
tas_mon_EC-Earth3_historical_r23i1p1f1_native.nc,hdl:21.14100/72cecf97-d1ca-4b4a-bf30-f6d69a03ca82
tas_mon_EC-Earth3_historical_r24i1p1f1_native.nc,hdl:21.14100/5b46d0a3-54db-4979-aed8-5dde2658fff2
tas_mon_EC-Earth3_historical_r25i1p1f1_native.nc,hdl:21.14100/039476c1-576c-49d5-b15a-84bef8e5edd6
tas_mon_EC-Earth3_historical_r2i1p1f1_native.nc,hdl:21.14100/a7ba6629-72a0-4481-9be6-2c7b258a4171
tas_mon_EC-Earth3_historical_r4i1p1f1_native.nc,hdl:21.14100/076f2196-9ef4-41b6-926e-e7985098b489
tas_mon_EC-Earth3_historical_r6i1p1f1_native.nc,hdl:21.14100/73bf6617-ed89-4c26-a0ed-c26abf35295f
tas_mon_EC-Earth3_historical_r7i1p1f1_native.nc,hdl:21.14100/6bdc6874-1622-4657-9c6a-f53ce4cab1ab
tas_mon_EC-Earth3_historical_r9i1p1f1_native.nc,hdl:21.14100/1959ae44-b6dd-4975-aae3-36f6e6157a1f
tas_mon_EC-Earth3_ssp119_r101i1p1f1_native.nc,hdl:21.14100/c795e50b-4427-41d2-8dcc-226018206cee
tas_mon_EC-Earth3_ssp119_r102i1p1f1_native.nc,hdl:21.14100/be836b08-5d6e-4862-98a4-97300c77f3a7
tas_mon_EC-Earth3_ssp119_r103i1p1f1_native.nc,hdl:21.14100/5d14cf69-2d0b-4c24-bc96-47646fd010b2
tas_mon_EC-Earth3_ssp119_r104i1p1f1_native.nc,hdl:21.14100/b965875b-7aba-4150-a5c1-1370e8d38ae9
tas_mon_EC-Earth3_ssp119_r105i1p1f1_native.nc,hdl:21.14100/9aadfb08-61c1-478a-820e-8d3e9dccabd2
tas_mon_EC-Earth3_ssp119_r106i1p1f1_native.nc,hdl:21.14100/8807fe80-a420-4ca3-bd0f-24c57cc0ed25
tas_mon_EC-Earth3_ssp119_r107i1p1f1_native.nc,hdl:21.14100/89dd0de7-e155-4be8-aa9d-bb9158b71a3f
tas_mon_EC-Earth3_ssp119_r108i1p1f1_native.nc,hdl:21.14100/c5d01eae-82f2-41f1-94c8-24059c598aaf
tas_mon_EC-Earth3_ssp119_r109i1p1f1_native.nc,hdl:21.14100/05099138-4596-4905-b437-5f4cc8f13c55
tas_mon_EC-Earth3_ssp119_r110i1p1f1_native.nc,hdl:21.14100/27c98a1a-6a95-482b-8f38-095bbb0da879
tas_mon_EC-Earth3_ssp119_r111i1p1f1_native.nc,hdl:21.14100/631d28ad-4f2e-468c-a594-546211903c40
tas_mon_EC-Earth3_ssp119_r112i1p1f1_native.nc,hdl:21.14100/8f91d73e-36fb-417c-bd09-88357883189e
tas_mon_EC-Earth3_ssp119_r113i1p1f1_native.nc,hdl:21.14100/dfb62f34-d5e3-40df-a38e-142212a08665
tas_mon_EC-Earth3_ssp119_r114i1p1f1_native.nc,hdl:21.14100/b4bd498b-890a-4f22-a752-61b72d62d842
tas_mon_EC-Earth3_ssp119_r115i1p1f1_native.nc,hdl:21.14100/fc8aa30f-69c7-42cd-9955-bbfe6c0f481e
tas_mon_EC-Earth3_ssp119_r116i1p1f1_native.nc,hdl:21.14100/62818b59-9577-4e8f-bbc2-cd0f5a08b5de
tas_mon_EC-Earth3_ssp119_r117i1p1f1_native.nc,hdl:21.14100/178fd45c-a4c0-41d1-9b45-4758120bab45
tas_mon_EC-Earth3_ssp119_r118i1p1f1_native.nc,hdl:21.14100/5297bd34-bcac-4318-953e-3f081e60da57
tas_mon_EC-Earth3_ssp119_r119i1p1f1_native.nc,hdl:21.14100/38da648a-ebd5-4f36-be50-8d85c36d5ab8
tas_mon_EC-Earth3_ssp119_r120i1p1f1_native.nc,hdl:21.14100/dd894c6e-1bee-4de5-a1ca-77aea4a90957
tas_mon_EC-Earth3_ssp119_r121i1p1f1_native.nc,hdl:21.14100/b1374bd8-f764-4762-b30a-21071062263e
tas_mon_EC-Earth3_ssp119_r122i1p1f1_native.nc,hdl:21.14100/c2c9afd9-1a8a-4d07-822a-56f105a07f40
tas_mon_EC-Earth3_ssp119_r123i1p1f1_native.nc,hdl:21.14100/b32e33c3-a3ec-4af1-9f68-1844b00a4a90
tas_mon_EC-Earth3_ssp119_r124i1p1f1_native.nc,hdl:21.14100/8327f9f6-e860-422a-82fb-bebc2f0b61e4
tas_mon_EC-Earth3_ssp119_r125i1p1f1_native.nc,hdl:21.14100/25448825-19ce-4288-b80b-189976f49174
tas_mon_EC-Earth3_ssp119_r126i1p1f1_native.nc,hdl:21.14100/c3b30219-9983-47d9-84e9-9fb4749c9e4b
tas_mon_EC-Earth3_ssp119_r127i1p1f1_native.nc,hdl:21.14100/394ddaae-f2b2-4a8b-befb-b2f56e579663
tas_mon_EC-Earth3_ssp119_r128i1p1f1_native.nc,hdl:21.14100/788d9ee7-cb64-4870-844c-c92eb983806b
tas_mon_EC-Earth3_ssp119_r129i1p1f1_native.nc,hdl:21.14100/90506059-d242-4503-9017-1fde82d9b379
tas_mon_EC-Earth3_ssp119_r130i1p1f1_native.nc,hdl:21.14100/146437a8-9dd6-48c0-9ee9-3900d88cc237
tas_mon_EC-Earth3_ssp119_r131i1p1f1_native.nc,hdl:21.14100/7a458f73-16c1-4dd1-9675-b760e118cd6c
tas_mon_EC-Earth3_ssp119_r132i1p1f1_native.nc,hdl:21.14100/91abb743-3089-4b20-91ff-df1bd935a091
tas_mon_EC-Earth3_ssp119_r133i1p1f1_native.nc,hdl:21.14100/2908cf15-6998-49e0-898a-6a01acc4246d
tas_mon_EC-Earth3_ssp119_r134i1p1f1_native.nc,hdl:21.14100/444b28ff-c9af-43ed-9dbd-48ab6f362e7b
tas_mon_EC-Earth3_ssp119_r135i1p1f1_native.nc,hdl:21.14100/d45a27fe-0e6d-45fe-8087-59744cd40b33
tas_mon_EC-Earth3_ssp119_r136i1p1f1_native.nc,hdl:21.14100/9ce945f4-766f-4036-938b-1548fbe28505
tas_mon_EC-Earth3_ssp119_r137i1p1f1_native.nc,hdl:21.14100/85786b33-5432-4ce7-ab0e-9df41c6a2f2f
tas_mon_EC-Earth3_ssp119_r138i1p1f1_native.nc,hdl:21.14100/b2811732-491e-4d10-9d8a-3562ae6f2863
tas_mon_EC-Earth3_ssp119_r139i1p1f1_native.nc,hdl:21.14100/ad88701b-10b1-4d5c-8180-1b723a427efb
tas_mon_EC-Earth3_ssp119_r140i1p1f1_native.nc,hdl:21.14100/6072f203-06ad-4998-85b6-313f75a1ef81
tas_mon_EC-Earth3_ssp119_r141i1p1f1_native.nc,hdl:21.14100/1779786c-d74a-4f1c-837a-971e9a23ca19
tas_mon_EC-Earth3_ssp119_r142i1p1f1_native.nc,hdl:21.14100/8e2c9bc5-dccf-4f76-95fd-9a5ed9df33b2
tas_mon_EC-Earth3_ssp119_r143i1p1f1_native.nc,hdl:21.14100/e5f9ef09-a2c4-4f52-94cb-70a76ad3f354
tas_mon_EC-Earth3_ssp119_r144i1p1f1_native.nc,hdl:21.14100/613971a8-964b-43fb-a819-27ef3781feaa
tas_mon_EC-Earth3_ssp119_r145i1p1f1_native.nc,hdl:21.14100/5b8033bf-a79d-4375-a322-c32b12b2437e
tas_mon_EC-Earth3_ssp119_r146i1p1f1_native.nc,hdl:21.14100/5bc32326-dd43-4a46-9629-e6256c86672f
tas_mon_EC-Earth3_ssp119_r147i1p1f1_native.nc,hdl:21.14100/5c8355c1-4866-457b-80a9-bee845ceec68
tas_mon_EC-Earth3_ssp119_r148i1p1f1_native.nc,hdl:21.14100/87b27820-d3ec-41ca-9c77-472e143c8b51
tas_mon_EC-Earth3_ssp119_r149i1p1f1_native.nc,hdl:21.14100/cdd2c770-2a5a-4c84-852f-57713977bc2c
tas_mon_EC-Earth3_ssp119_r150i1p1f1_native.nc,hdl:21.14100/039b28cf-0567-4352-9a60-ac4f54bd3674
tas_mon_EC-Earth3_ssp119_r4i1p1f1_native.nc,hdl:21.14100/1227504f-055f-4145-951b-2133a5ee35c1
tas_mon_EC-Earth3-Veg_historical_r1i1p1f1_native.nc,hdl:21.14100/4433ff28-c26a-4620-9435-9a2332712cb6
tas_mon_EC-Earth3-Veg_historical_r2i1p1f1_native.nc,hdl:21.14100/6a2bf40d-1991-4621-a7a0-1b15e42c00cc
tas_mon_EC-Earth3-Veg_historical_r3i1p1f1_native.nc,hdl:21.14100/b13ae354-e7b3-49ea-8368-5758a0d4498f
tas_mon_EC-Earth3-Veg_historical_r4i1p1f1_native.nc,hdl:21.14100/070e75fb-e6a3-4ddb-9170-39b4671a699a
tas_mon_EC-Earth3-Veg_historical_r5i1p1f1_native.nc,hdl:21.14100/bd87f4d0-3913-44b4-b140-377cd1453520
tas_mon_EC-Earth3-Veg_historical_r6i1p1f1_native.nc,hdl:21.14100/e275fa02-c18d-4fa0-b51b-bb12737c5b5e
tas_mon_EC-Earth3-Veg_ssp119_r1i1p1f1_native.nc,hdl:21.14100/228c44bd-7a4d-43b2-abf3-68aa0a69fc2a
tas_mon_EC-Earth3-Veg_ssp119_r2i1p1f1_native.nc,hdl:21.14100/c073ecd6-5f69-42b9-be23-466ab77e9512
tas_mon_EC-Earth3-Veg_ssp119_r3i1p1f1_native.nc,hdl:21.14100/c3e8063a-abe3-41c6-87a5-6582d7a04278
tas_mon_FGOALS-g3_historical_r1i1p1f1_native.nc,hdl:21.14100/3cccb5b9-bc8c-4d4d-9364-4760d445f82e
tas_mon_FGOALS-g3_historical_r2i1p1f1_native.nc,hdl:21.14100/3866abd3-ccd9-482c-9723-f588b9db8dff
tas_mon_FGOALS-g3_historical_r3i1p1f1_native.nc,hdl:21.14100/3f7858b3-b730-46aa-9e7b-d80a891ea776
tas_mon_FGOALS-g3_historical_r4i1p1f1_native.nc,hdl:21.14100/8049c2f8-2b0c-4736-ad2d-7cb096c20d53
tas_mon_FGOALS-g3_historical_r5i1p1f1_native.nc,hdl:21.14100/0de4a373-61e9-4575-bb8b-646466c9338b
tas_mon_FGOALS-g3_historical_r6i1p1f1_native.nc,hdl:21.14100/1ebd93c8-3bb1-4e89-825e-478a01dec053
tas_mon_FGOALS-g3_ssp119_r1i1p1f1_native.nc,hdl:21.14100/27e3b8ae-0c7d-4383-a56d-aac1f52bd22a
tas_mon_GFDL-ESM4_historical_r1i1p1f1_native.nc,hdl:21.14100/75e5c5a7-d7c4-4860-beb1-db454f25f13a
tas_mon_GFDL-ESM4_historical_r2i1p1f1_native.nc,hdl:21.14100/5f672d3b-ed06-449a-9639-e4dbacebc5ae
tas_mon_GFDL-ESM4_historical_r3i1p1f1_native.nc,hdl:21.14100/5bec2536-493f-47e2-ab65-73279db597b5
tas_mon_GFDL-ESM4_ssp119_r1i1p1f1_native.nc,hdl:21.14100/7f941d23-69ae-409f-ae8f-750808123e6b
tas_mon_GISS-E2-1-G_historical_r10i1p3f1_native.nc,hdl:21.14100/f10c0e9e-0a61-4834-9c88-c718942ddede
tas_mon_GISS-E2-1-G_historical_r1i1p3f1_native.nc,hdl:21.14100/03921dfe-b850-4b14-9bfc-2c3d57f9cca1
tas_mon_GISS-E2-1-G_historical_r2i1p3f1_native.nc,hdl:21.14100/2c3e2966-9eaa-47f4-a3e8-c301f480a5c3
tas_mon_GISS-E2-1-G_historical_r3i1p3f1_native.nc,hdl:21.14100/df06d91e-bd9c-44c3-9a19-cd106d7ca2b8
tas_mon_GISS-E2-1-G_historical_r4i1p3f1_native.nc,hdl:21.14100/b1ab96c6-bdb0-4034-9723-5ddad572de7a
tas_mon_GISS-E2-1-G_historical_r5i1p3f1_native.nc,hdl:21.14100/03ee6f64-594c-4319-8cec-84fef9a6305f
tas_mon_GISS-E2-1-G_historical_r6i1p3f1_native.nc,hdl:21.14100/68c430d6-b8c2-4b8f-bf93-90778a9589fc
tas_mon_GISS-E2-1-G_historical_r8i1p3f1_native.nc,hdl:21.14100/9c189f91-54d9-4b5d-8d5d-d906819109fd
tas_mon_GISS-E2-1-G_historical_r9i1p3f1_native.nc,hdl:21.14100/1d748966-d86c-478d-accf-171e6679bbe2
tas_mon_GISS-E2-1-G_ssp119_r1i1p3f1_native.nc,hdl:21.14100/22e18062-cbdc-44bf-9325-108c51679da1
tas_mon_IPSL-CM6A-LR_historical_r10i1p1f1_native.nc,hdl:21.14100/73b9d5f7-02af-424d-b209-bd6e9b470c16
tas_mon_IPSL-CM6A-LR_historical_r11i1p1f1_native.nc,hdl:21.14100/bcf36683-4a0b-4e12-a027-b12dbe886e73
tas_mon_IPSL-CM6A-LR_historical_r12i1p1f1_native.nc,hdl:21.14100/13f5d00d-20a8-4e02-9a06-e3c3c0b03934
tas_mon_IPSL-CM6A-LR_historical_r13i1p1f1_native.nc,hdl:21.14100/c2cc12f2-4b2e-411b-81e0-f906bb48ebe7
tas_mon_IPSL-CM6A-LR_historical_r14i1p1f1_native.nc,hdl:21.14100/bdd4a489-ec2b-4953-9eff-0379dbe44f1d
tas_mon_IPSL-CM6A-LR_historical_r15i1p1f1_native.nc,hdl:21.14100/b718103c-6874-49e2-ba89-3059ad955455
tas_mon_IPSL-CM6A-LR_historical_r16i1p1f1_native.nc,hdl:21.14100/a758a1a4-6b4a-4756-a24a-7c113c32ab2b
tas_mon_IPSL-CM6A-LR_historical_r17i1p1f1_native.nc,hdl:21.14100/85b52d35-03b0-4f55-8396-c04756821e8a
tas_mon_IPSL-CM6A-LR_historical_r18i1p1f1_native.nc,hdl:21.14100/c853ad62-bd9b-4861-8940-bc1901d54d32
tas_mon_IPSL-CM6A-LR_historical_r19i1p1f1_native.nc,hdl:21.14100/76be2bd9-809a-4958-9118-3dca81d22624
tas_mon_IPSL-CM6A-LR_historical_r1i1p1f1_native.nc,hdl:21.14100/285a3a27-0287-4e3b-8232-69ddc89cebef
tas_mon_IPSL-CM6A-LR_historical_r20i1p1f1_native.nc,hdl:21.14100/ea522aa8-19e4-486c-8357-20c826937456
tas_mon_IPSL-CM6A-LR_historical_r21i1p1f1_native.nc,hdl:21.14100/ced9f504-ad35-4619-97f4-15ca51afd00d
tas_mon_IPSL-CM6A-LR_historical_r22i1p1f1_native.nc,hdl:21.14100/f3764cbf-e539-43f8-bf2c-f1430f5d7582
tas_mon_IPSL-CM6A-LR_historical_r23i1p1f1_native.nc,hdl:21.14100/4a534de4-ea03-4c07-a85b-45b13eacf1b3
tas_mon_IPSL-CM6A-LR_historical_r24i1p1f1_native.nc,hdl:21.14100/cf61b579-30d2-4686-b41e-2316bfffc6e8
tas_mon_IPSL-CM6A-LR_historical_r25i1p1f1_native.nc,hdl:21.14100/b9a8b3e0-7a66-41c9-94c3-1a23d3f1b62a
tas_mon_IPSL-CM6A-LR_historical_r26i1p1f1_native.nc,hdl:21.14100/088ca8e3-70fb-44cb-835a-0f30434e1853
tas_mon_IPSL-CM6A-LR_historical_r27i1p1f1_native.nc,hdl:21.14100/10cc6ed1-70ac-412d-9a7e-69b1fc8e7f1c
tas_mon_IPSL-CM6A-LR_historical_r28i1p1f1_native.nc,hdl:21.14100/5dc74de2-15d8-4ca8-8a28-d8c6e85281ae
tas_mon_IPSL-CM6A-LR_historical_r29i1p1f1_native.nc,hdl:21.14100/706251ca-799b-41f7-9e4b-c118b71dd836
tas_mon_IPSL-CM6A-LR_historical_r2i1p1f1_native.nc,hdl:21.14100/6a2f6a5a-e436-411d-a447-8f4995d197e3
tas_mon_IPSL-CM6A-LR_historical_r30i1p1f1_native.nc,hdl:21.14100/faa0a4a1-9c0d-48f4-b41d-e6856cec72eb
tas_mon_IPSL-CM6A-LR_historical_r31i1p1f1_native.nc,hdl:21.14100/14e76d84-7a76-4281-a5d2-151acd918ad9
tas_mon_IPSL-CM6A-LR_historical_r32i1p1f1_native.nc,hdl:21.14100/115d3659-0474-460a-b3b2-fccbf153e73b
tas_mon_IPSL-CM6A-LR_historical_r3i1p1f1_native.nc,hdl:21.14100/a3ebd1d0-646f-47eb-a3a3-9cdcb3cbd908
tas_mon_IPSL-CM6A-LR_historical_r4i1p1f1_native.nc,hdl:21.14100/a40e105b-680b-4af7-8ae7-395ee79011ac
tas_mon_IPSL-CM6A-LR_historical_r5i1p1f1_native.nc,hdl:21.14100/0ee04d60-88f2-4cb4-9b88-d2e5607b2748
tas_mon_IPSL-CM6A-LR_historical_r6i1p1f1_native.nc,hdl:21.14100/e6d59667-cd54-44b8-bd1c-6681f26bba14
tas_mon_IPSL-CM6A-LR_historical_r7i1p1f1_native.nc,hdl:21.14100/cf35a114-2357-46c2-9335-8626073cea27
tas_mon_IPSL-CM6A-LR_historical_r8i1p1f1_native.nc,hdl:21.14100/1f3edf87-f320-44dc-9704-683c4ce69006
tas_mon_IPSL-CM6A-LR_historical_r9i1p1f1_native.nc,hdl:21.14100/1429622b-2537-4297-9b33-bcc652784751
tas_mon_IPSL-CM6A-LR_ssp119_r14i1p1f1_native.nc,hdl:21.14100/15af7fdd-b986-44a5-855b-116c07f3ff64
tas_mon_IPSL-CM6A-LR_ssp119_r1i1p1f1_native.nc,hdl:21.14100/77e4cce5-e62b-4b75-ba96-4bd15a90d955
tas_mon_IPSL-CM6A-LR_ssp119_r2i1p1f1_native.nc,hdl:21.14100/37df9c0f-2508-4301-b1dd-631b7282b7d4
tas_mon_IPSL-CM6A-LR_ssp119_r3i1p1f1_native.nc,hdl:21.14100/429b0fb0-2a07-40a6-aa31-17e3e498d025
tas_mon_IPSL-CM6A-LR_ssp119_r4i1p1f1_native.nc,hdl:21.14100/9e23e953-4bfa-4590-9b11-58ff0cfa5ffd
tas_mon_IPSL-CM6A-LR_ssp119_r6i1p1f1_native.nc,hdl:21.14100/2e64ac9b-69f3-4d4b-bb6e-a69a13be44b7
tas_mon_MIROC6_historical_r10i1p1f1_native.nc,hdl:21.14100/32eb6a5a-cbac-4683-9a79-3682092de706
tas_mon_MIROC6_historical_r11i1p1f1_native.nc,hdl:21.14100/e364d930-5ee4-4ad7-91f1-713807814398
tas_mon_MIROC6_historical_r12i1p1f1_native.nc,hdl:21.14100/fea49cd0-c4d0-4029-afc3-c0242f5c5b07
tas_mon_MIROC6_historical_r13i1p1f1_native.nc,hdl:21.14100/ede3c12e-d61a-4b80-af9d-6107f7fbca7f
tas_mon_MIROC6_historical_r14i1p1f1_native.nc,hdl:21.14100/0daa4409-def5-4de3-b898-c887a224c87c
tas_mon_MIROC6_historical_r15i1p1f1_native.nc,hdl:21.14100/4a86c20b-2e5f-4645-ab5f-ce25845a4cad
tas_mon_MIROC6_historical_r16i1p1f1_native.nc,hdl:21.14100/05ff52fd-c96b-4992-8973-683af2a4d8fa
tas_mon_MIROC6_historical_r17i1p1f1_native.nc,hdl:21.14100/43015af0-5622-41cf-b96e-3c352b9cb172
tas_mon_MIROC6_historical_r18i1p1f1_native.nc,hdl:21.14100/c54029e7-3c7e-4e8c-9116-c1ba0daf9a69
tas_mon_MIROC6_historical_r19i1p1f1_native.nc,hdl:21.14100/cf8069eb-791f-435b-9ead-031b22e2c93f
tas_mon_MIROC6_historical_r1i1p1f1_native.nc,hdl:21.14100/861a07b8-a8b2-414b-91c8-b557bac73bd2
tas_mon_MIROC6_historical_r20i1p1f1_native.nc,hdl:21.14100/6ddb085d-08bd-45fc-b5a9-3f8fa68aac21
tas_mon_MIROC6_historical_r21i1p1f1_native.nc,hdl:21.14100/f6c59250-2ff2-4dbc-825d-1c67378f8409
tas_mon_MIROC6_historical_r22i1p1f1_native.nc,hdl:21.14100/08d556ce-33a9-4d13-b34d-bb5e9c12535c
tas_mon_MIROC6_historical_r23i1p1f1_native.nc,hdl:21.14100/2d171680-d06e-40f3-92a5-4caf71333b36
tas_mon_MIROC6_historical_r24i1p1f1_native.nc,hdl:21.14100/6b0e318e-b06b-433f-9adf-01f2b4c531c2
tas_mon_MIROC6_historical_r25i1p1f1_native.nc,hdl:21.14100/574450a5-c4e9-4b3e-9959-1e641f01a210
tas_mon_MIROC6_historical_r26i1p1f1_native.nc,hdl:21.14100/cb820c44-f90f-414f-898c-5c83d517baa6
tas_mon_MIROC6_historical_r27i1p1f1_native.nc,hdl:21.14100/33f05df7-4144-48d9-b100-8f64c0daf0da
tas_mon_MIROC6_historical_r28i1p1f1_native.nc,hdl:21.14100/150e1bbe-7c02-4be2-b5ae-983507d95b64
tas_mon_MIROC6_historical_r29i1p1f1_native.nc,hdl:21.14100/95572840-dce2-4b8d-9c90-0c3a58e2f7e2
tas_mon_MIROC6_historical_r2i1p1f1_native.nc,hdl:21.14100/3428dd30-c17d-4356-82b9-d92bda1289b5
tas_mon_MIROC6_historical_r30i1p1f1_native.nc,hdl:21.14100/2d73c702-59d2-49d8-8a0c-11f35cdd5c2c
tas_mon_MIROC6_historical_r31i1p1f1_native.nc,hdl:21.14100/4a63f8a0-d2f8-424d-a803-d77216c8a0ef
tas_mon_MIROC6_historical_r32i1p1f1_native.nc,hdl:21.14100/ad7b71d5-136d-4ea9-bc96-dbb87ba6d3b2
tas_mon_MIROC6_historical_r33i1p1f1_native.nc,hdl:21.14100/93bd2060-1724-4453-aade-bef23ec46125
tas_mon_MIROC6_historical_r34i1p1f1_native.nc,hdl:21.14100/5c32ac95-43fb-4f48-a34d-29e6a947c419
tas_mon_MIROC6_historical_r35i1p1f1_native.nc,hdl:21.14100/d71c001a-25c4-4f8b-a362-6f86444df0cc
tas_mon_MIROC6_historical_r36i1p1f1_native.nc,hdl:21.14100/3536a021-84ba-4626-9635-e05e8e12bcbf
tas_mon_MIROC6_historical_r37i1p1f1_native.nc,hdl:21.14100/39f11d98-57fe-4935-86fe-238f75dec531
tas_mon_MIROC6_historical_r38i1p1f1_native.nc,hdl:21.14100/eeb6070a-6026-45b4-ac2c-e8f586a0df82
tas_mon_MIROC6_historical_r39i1p1f1_native.nc,hdl:21.14100/649fb95d-9856-45b6-b449-00bacc74e48c
tas_mon_MIROC6_historical_r3i1p1f1_native.nc,hdl:21.14100/348ac5b6-f175-42c8-93fa-cf6c7350144e
tas_mon_MIROC6_historical_r40i1p1f1_native.nc,hdl:21.14100/9256278f-bcfe-4835-8c6a-67380edc8a0f
tas_mon_MIROC6_historical_r41i1p1f1_native.nc,hdl:21.14100/d3965bfb-1442-467c-8341-65d6fe43c69f
tas_mon_MIROC6_historical_r42i1p1f1_native.nc,hdl:21.14100/e7d91acf-ca85-4297-a126-f1448e72f1ea
tas_mon_MIROC6_historical_r43i1p1f1_native.nc,hdl:21.14100/20e025fa-0dee-45ad-8b51-b4acbecee9b9
tas_mon_MIROC6_historical_r44i1p1f1_native.nc,hdl:21.14100/1157243b-31a2-4db8-b34e-01b5f796a526
tas_mon_MIROC6_historical_r45i1p1f1_native.nc,hdl:21.14100/584a7557-dd91-4d04-96df-554761b1906b
tas_mon_MIROC6_historical_r46i1p1f1_native.nc,hdl:21.14100/de9d5dfd-2451-4004-897b-64631a732d4f
tas_mon_MIROC6_historical_r47i1p1f1_native.nc,hdl:21.14100/7a7d3ed9-066a-4522-a8e8-042bea17d160
tas_mon_MIROC6_historical_r48i1p1f1_native.nc,hdl:21.14100/b618755a-b2ea-41b9-bf0a-5d1b3f6970de
tas_mon_MIROC6_historical_r49i1p1f1_native.nc,hdl:21.14100/a231bec5-2b97-4470-b1d1-0b5fa08a821d
tas_mon_MIROC6_historical_r4i1p1f1_native.nc,hdl:21.14100/54f3cf5b-67dd-423f-b40d-ba9c6e256d95
tas_mon_MIROC6_historical_r50i1p1f1_native.nc,hdl:21.14100/e5945e53-2f57-4be6-92b3-54da63484ba5
tas_mon_MIROC6_historical_r5i1p1f1_native.nc,hdl:21.14100/867f8519-5c0a-492b-8d9e-d27b18bfe9f9
tas_mon_MIROC6_historical_r6i1p1f1_native.nc,hdl:21.14100/49c50ad2-de04-48b8-9fb1-179bd305a011
tas_mon_MIROC6_historical_r7i1p1f1_native.nc,hdl:21.14100/0d8b2614-e80d-4896-abe4-24b9fe5a0178
tas_mon_MIROC6_historical_r8i1p1f1_native.nc,hdl:21.14100/b097f531-9061-4bbd-8397-70aa3c42dbc2
tas_mon_MIROC6_historical_r9i1p1f1_native.nc,hdl:21.14100/de128384-1f59-4487-9d8c-433c37306c86
tas_mon_MIROC6_ssp119_r1i1p1f1_native.nc,hdl:21.14100/4b41df61-f5e5-4f74-8b0e-83947254e72b
tas_mon_MIROC-ES2L_historical_r10i1p1f2_native.nc,hdl:21.14100/84503307-61f9-41f0-a6d3-78daa81d61e1
tas_mon_MIROC-ES2L_historical_r1i1p1f2_native.nc,hdl:21.14100/dcdfecdb-9d73-4a8b-9483-1d992318e6a2
tas_mon_MIROC-ES2L_historical_r2i1p1f2_native.nc,hdl:21.14100/fe2b8076-c423-45d8-a8f2-e7c9f140affa
tas_mon_MIROC-ES2L_historical_r3i1p1f2_native.nc,hdl:21.14100/0b3f9774-d153-42d1-bc70-4f1f1312f8cb
tas_mon_MIROC-ES2L_historical_r4i1p1f2_native.nc,hdl:21.14100/df156359-6f29-4620-96fe-ea20429abce8
tas_mon_MIROC-ES2L_historical_r5i1p1f2_native.nc,hdl:21.14100/b0d2dd11-caa7-4750-ae3f-b23c2e2079ad
tas_mon_MIROC-ES2L_historical_r6i1p1f2_native.nc,hdl:21.14100/fa9e27d8-e4cd-4228-8151-4602c472df5a
tas_mon_MIROC-ES2L_historical_r7i1p1f2_native.nc,hdl:21.14100/7ccf7a42-790f-46a9-9181-d54c3b0a976b
tas_mon_MIROC-ES2L_historical_r8i1p1f2_native.nc,hdl:21.14100/3770c295-43d5-4cf5-b148-5fefa3352759
tas_mon_MIROC-ES2L_historical_r9i1p1f2_native.nc,hdl:21.14100/9ae117e5-8946-442c-978f-e946d1e3d0db
tas_mon_MIROC-ES2L_ssp119_r1i1p1f2_native.nc,hdl:21.14100/7ab6b7f9-ca06-4171-8413-bae4690ac7bc
tas_mon_MIROC-ES2L_ssp119_r2i1p1f2_native.nc,hdl:21.14100/6bbc5558-bbef-49e6-9265-73b46b88914b
tas_mon_MIROC-ES2L_ssp119_r3i1p1f2_native.nc,hdl:21.14100/5a41c09a-044a-4d81-b6b0-4581464dccd6
tas_mon_MRI-ESM2-0_historical_r1i1p1f1_native.nc,hdl:21.14100/c881548e-03d5-43e1-82f3-568eee6494a2
tas_mon_MRI-ESM2-0_historical_r2i1p1f1_native.nc,hdl:21.14100/bf5e63ec-0bf0-45fb-8eb2-db062a326e7b
tas_mon_MRI-ESM2-0_historical_r3i1p1f1_native.nc,hdl:21.14100/c8c39905-7eb6-4081-97e8-39f41afc0895
tas_mon_MRI-ESM2-0_historical_r4i1p1f1_native.nc,hdl:21.14100/1250df47-32e6-4ffa-82be-c3b7e5e75b98
tas_mon_MRI-ESM2-0_historical_r5i1p1f1_native.nc,hdl:21.14100/5680fc4e-d458-42b0-b6d7-0f8c156fbbb7
tas_mon_MRI-ESM2-0_ssp119_r1i1p1f1_native.nc,hdl:21.14100/41b75185-e12b-4b19-b42c-1f0ea303af8a
tas_mon_UKESM1-0-LL_historical_r10i1p1f2_native.nc,hdl:21.14100/9c4beee9-e389-48e7-8450-9def754a2a1f
tas_mon_UKESM1-0-LL_historical_r11i1p1f2_native.nc,hdl:21.14100/0c754b12-95f5-4b30-a4f1-fa0b8849d03b
tas_mon_UKESM1-0-LL_historical_r12i1p1f2_native.nc,hdl:21.14100/5b3b2ca3-99eb-4bef-9e6c-43a39e6922f5
tas_mon_UKESM1-0-LL_historical_r13i1p1f2_native.nc,hdl:21.14100/d18023a2-bfcd-4c81-8f45-0a32995a7d47
tas_mon_UKESM1-0-LL_historical_r14i1p1f2_native.nc,hdl:21.14100/9d3542f3-8ef7-4cc3-ac19-b54659aa19ab
tas_mon_UKESM1-0-LL_historical_r16i1p1f2_native.nc,hdl:21.14100/bedaaff0-0c98-4799-9b2a-f8ef57f1dff9
tas_mon_UKESM1-0-LL_historical_r17i1p1f2_native.nc,hdl:21.14100/e8f1ef23-772a-4a23-ae92-4f7bac833c9e
tas_mon_UKESM1-0-LL_historical_r18i1p1f2_native.nc,hdl:21.14100/5e3afcfc-9c25-4f45-ac00-e4211022a4ac
tas_mon_UKESM1-0-LL_historical_r19i1p1f2_native.nc,hdl:21.14100/d34c0fc2-af07-484c-8587-acc849937168
tas_mon_UKESM1-0-LL_historical_r1i1p1f2_native.nc,hdl:21.14100/255d149c-12fc-41f1-878d-0344c8b797f4
tas_mon_UKESM1-0-LL_historical_r2i1p1f2_native.nc,hdl:21.14100/a19c8f0c-7a74-4d8f-a946-45e28d82cb21
tas_mon_UKESM1-0-LL_historical_r3i1p1f2_native.nc,hdl:21.14100/7bc5d2ff-93d7-403f-8cc4-710c73071422
tas_mon_UKESM1-0-LL_historical_r4i1p1f2_native.nc,hdl:21.14100/40d6e9be-76a2-4b4d-a0d7-844d10198c97
tas_mon_UKESM1-0-LL_historical_r8i1p1f2_native.nc,hdl:21.14100/5a393c67-138b-4bae-a25c-b9e192903413
tas_mon_UKESM1-0-LL_historical_r9i1p1f2_native.nc,hdl:21.14100/a13f4f0d-1858-4424-a87b-914475d187b9
tas_mon_UKESM1-0-LL_ssp119_r1i1p1f2_native.nc,hdl:21.14100/8cae77c4-b4ec-4ebd-9cc0-9eddc0e1d60f
tas_mon_UKESM1-0-LL_ssp119_r2i1p1f2_native.nc,hdl:21.14100/efa24d9c-b6a6-45ba-9152-85c338772bfe
tas_mon_UKESM1-0-LL_ssp119_r3i1p1f2_native.nc,hdl:21.14100/fa64abe8-cbef-4020-b1ff-139d5949a475
tas_mon_UKESM1-0-LL_ssp119_r4i1p1f2_native.nc,hdl:21.14100/3d50cd52-1da9-4e5c-a514-e790d5391c32
tas_mon_UKESM1-0-LL_ssp119_r8i1p1f2_native.nc,hdl:21.14100/751a7570-5907-4174-ae7a-efce0e7a6387
